<?xml version="1.0" encoding="UTF-8"?>
<project-private xmlns="http://www.netbeans.org/ns/project-private/1">
    <editor-bookmarks xmlns="http://www.netbeans.org/ns/editor-bookmarks/2" lastBookmarkId="0"/>
    <open-files xmlns="http://www.netbeans.org/ns/projectui-open-files/2">
        <group>
            <file>file:/C:/Users/Duoc%20Alameda/Downloads/LeonardoValdes_001D/LeonardoValdes_001D/LaTuercaLoca/src/latuercaloca/PromEspecial.java</file>
            <file>file:/C:/Users/Duoc%20Alameda/Downloads/LeonardoValdes_001D/LeonardoValdes_001D/LaTuercaLoca/src/latuercaloca/Motocicleta.java</file>
            <file>file:/C:/Users/Duoc%20Alameda/Downloads/LeonardoValdes_001D/LeonardoValdes_001D/LaTuercaLoca/src/latuercaloca/Automovil.java</file>
            <file>file:/C:/Users/Duoc%20Alameda/Downloads/LeonardoValdes_001D/LeonardoValdes_001D/LaTuercaLoca/src/latuercaloca/LaTuercaLoca.java</file>
            <file>file:/C:/Users/Duoc%20Alameda/Downloads/LeonardoValdes_001D/LeonardoValdes_001D/LaTuercaLoca/src/latuercaloca/Concesionaria.java</file>
            <file>file:/C:/Users/Duoc%20Alameda/Downloads/LeonardoValdes_001D/LeonardoValdes_001D/LaTuercaLoca/src/latuercaloca/Vehiculo.java</file>
        </group>
    </open-files>
</project-private>
